{"Standard": [1389.7430149027252, 1335.595996347361, 1323.7957220528017, 1297.6709669866732, 1283.5812130645843, 1253.8982920539665, 1236.9494354136664, 1188.2070519429406, 1185.9735939839757], "Hybrid": [1259.8218781986473, 1197.6060600461012, 1170.3798172069623, 1082.4289994432256, 1074.9421295741731, 1067.301848430431, 1059.6588221183893, 1059.536705774979, 1059.3899359029683, 1058.677871668887, 1055.061801735412]}