{"Standard": [1132.1895026751165, 1129.4849255739339, 1112.846362313489, 1062.9171106303718, 1046.19274065407, 1027.0139277154021, 1001.0423819860881, 979.5498697437391, 974.0366385100951, 921.8575941305326], "Hybrid": [938.8102636050379, 931.5746781402072, 848.9838565020021, 835.8546283008434, 831.4941870455345, 828.044735174371, 823.6985050668058, 823.4978618357792]}