{"Standard": [1128.8497885039476, 1116.8492266814728, 1084.3164393598684, 1026.8474766498132, 1015.1948186799247, 990.8843605093559, 981.8580775281733, 980.4800206817958, 966.2375029688758], "Hybrid": [908.8143689297892, 866.9564082064113, 863.7549170707481, 849.6797309224638, 840.3853216030637, 840.0581037455229, 838.9160120984444, 827.7486192790022]}