{"Standard": [760.909513714566, 697.1946406675553, 688.3393801147704, 670.2773459358347, 654.2883529685108, 645.4747066901394, 637.2900669569772, 635.2365018375937, 635.1053302597388, 631.798323828281, 622.7806421814108, 617.287956678905, 616.7845814024379, 596.637015882625, 596.6370158826247, 593.1014152292704, 590.263093754349, 588.6295063177228, 588.6295063177226, 586.2488768308854, 578.9845156047713, 578.1191428212129, 578.1191428212128], "Hybrid": [618.5471632563007, 597.4339757712887, 577.5133411584383, 563.2315849121386, 562.0443112372878, 542.1450628189049, 540.0625610167538, 539.2682558848636]}