{"Standard": [1398.605919648569, 1384.3533363143156, 1344.5101074285758, 1301.6949824095013, 1293.8562445806117, 1285.3428573507256, 1281.857234314062, 1277.117982221844, 1271.08888520159, 1247.8384319380955, 1206.3360104744274, 1197.8641280546244, 1193.9674244377381, 1187.0583117986218, 1182.6356904242705, 1180.7021157889567, 1178.7470861946517, 1178.0710392497547, 1173.485928641225, 1172.4258156036299, 1172.4258156036296, 1169.6362974663568, 1165.2737640544642], "Hybrid": [1137.0567742908045, 1088.3734605702916, 1081.4095245429578, 1079.9230863601233, 1069.9158253609455, 1060.1828603359154, 1059.5696084960134]}