{"Standard": [721.57972668693, 690.7924447715618, 682.1906791240232, 673.7680605217964, 657.3813445224409, 652.4620412224212, 651.8492359388866, 639.9792056168193, 620.7962209182169, 612.0791517000466, 604.9141087642112, 598.979164645514, 594.4836223641006, 594.4836223641005, 591.3518986608781, 590.8242920246723, 587.6376253452041, 586.2587485525561, 582.1674358141125, 581.6398291779068, 581.6398291779066, 574.5018248845304, 568.6200821884732], "Hybrid": [620.6428941028564, 551.6556094201476, 540.1158429819429]}