{"Standard": [1180.8156134801388, 1156.785855047159, 1146.386711596678, 1102.108961444429, 1100.9054623577497, 1059.2236491976023, 1048.1394147510614, 1037.7695693419919, 1031.4771676424684, 1002.9836478741349, 980.3805823728337, 978.7800101295187, 977.6280560318949, 974.7838096940725, 974.033267899976, 973.7996263228447, 971.8066745148684, 970.577972215017, 956.3462341357518, 940.3468762446499], "Hybrid": [976.4797144693184, 957.8692376054692, 955.3838614202423, 947.3669994550136, 947.2289551692934, 925.6547426896418, 919.3713881010565, 909.5546014638372, 909.3664247013356, 906.3699218582979, 900.2795026350219, 899.5223498078666, 894.7457511396251, 888.8187243579315, 867.8822334488497]}