{"Standard": [1140.0026138238618, 1131.126753252742, 1082.8727469809908, 1045.7856607226172, 1043.8712975719511, 1040.3591451065818, 1038.2727927747185, 1033.7785999809028, 1032.2499815123174, 1029.3877911198306, 1020.5656192308352, 1020.1747787027105, 1020.17477870271, 1012.2382945438186, 1006.6072600035072, 1005.3806449400273, 1005.380644940027, 993.6120371738051, 993.6120371738049, 993.6120371738045, 986.7092359265025, 986.2196384399298, 986.2196384399297, 982.237436414262, 979.6902059661517, 979.6902059661516, 978.2007250908683, 978.2007250908681, 972.856629588634, 972.8566295886337], "Hybrid": [968.1802103853879, 931.1578523507768, 930.1934725552646, 910.2945180994336, 901.9881042857003, 901.9881042857002, 901.9881042857, 899.7948075851465]}