{"Standard": [1216.6956012741732, 1208.0011897775476, 1205.0513480669504, 1201.0753290115745, 1175.1987190453303, 1169.1417204397512, 1135.2620613523222, 1091.3018330038885, 1091.301833003888, 1072.7982769423343, 1066.2129330334246, 1064.285168418955, 1063.1192671493409, 1056.9292492972888, 1056.9292492972884, 1053.5109910071658, 1049.0904641496668, 1035.868465650863, 1034.045440336537, 1017.3712243338293], "Hybrid": [874.805482386466, 869.5154256446896, 845.4757438162479]}