{"Standard": [1197.0376235356337, 1188.5357518958297, 1167.623111096396, 1158.2664230480832, 1148.9320889795672, 1148.5468577804356, 1128.7308067123463, 1124.5830407673916, 1090.2741723028444, 1084.245029484347, 1071.7691344405491, 1038.3295992972824, 1031.7468095795489, 1026.8496420541683, 1011.638963096931, 986.3923781070682, 957.7828527289416, 956.6707538525809, 956.2111900110024, 956.2111900110021, 952.3763354382863, 951.2164283418622, 951.216428341862, 947.4414770212411], "Hybrid": [897.1126468202418, 863.7329255167166, 845.2306775157181]}