{"Standard": [1607.1415672561923, 1545.1202815413726, 1538.6668395916022, 1528.4878650415676, 1518.7081487101545, 1507.6925137424787, 1504.4265081455865, 1492.2687623704874, 1465.9090969277554, 1450.036551679566, 1401.4176154057907, 1373.4461232030008, 1371.3003727585242, 1346.6601228880506], "Hybrid": [1128.740752260226, 1094.1577806454263, 1089.5854091583824, 1087.6259809533776, 1085.3182352549225, 1081.2710746779624, 1066.3516578260621, 1063.9550266257793]}