{"Standard": [1596.0440908695202, 1545.6899717071965, 1537.3410014982478, 1527.9010327760009, 1526.4661955126003, 1520.877958471994, 1498.5189618130642, 1492.202771594952, 1489.3813371231943, 1466.7204928255758, 1465.1841572796034, 1446.1541727553774, 1378.5038304911093, 1365.7999917379398, 1322.779686752327, 1303.74685255257, 1303.7468525525694, 1289.9888103275503, 1287.1334672905466, 1285.680642058196, 1285.0964180029252, 1277.0894731409862, 1277.089473140986, 1277.0894731409858, 1263.294290780503], "Hybrid": [1132.7513502202953, 1113.0769560878248, 1095.31325238786, 1094.9043744052656, 1082.0963518974038, 1075.8880165973615, 1069.631628101744]}