{"Standard": [1893.848369165876, 1875.8414567497612, 1874.380248544797, 1865.9774535773329, 1851.901996881624, 1843.9874550379855, 1826.6524913904464, 1809.2437486992242, 1802.4032441103914, 1753.7654235464354, 1746.6705800377395, 1722.1022814172331, 1687.8964761403865, 1654.066028645834, 1653.371747637654, 1619.9822648537358, 1612.2265227007993, 1587.237677478614, 1579.3233125929685, 1569.0306227245997, 1553.4875499582279, 1548.6520933836432, 1548.6520933836423, 1548.461237740819, 1528.7496489794682], "Hybrid": [1750.0019068598017, 1515.0401625228471, 1408.8562064723958, 1393.258111050166, 1389.3797313518264, 1377.7487552017506, 1371.5429599761965]}