{"Standard": [2006.1391217408814, 1971.4664397352385, 1933.8188017220098, 1870.710259110616, 1860.9937867577173, 1836.819223800115, 1827.6268186014279, 1811.9689240225318, 1809.1195439027294, 1781.4872114262814, 1743.6309736441794, 1728.7810027032904, 1718.8129669442576, 1698.6310661085695, 1698.6310661085683, 1694.547855466092, 1694.5034100350367, 1694.5034100350363, 1694.5034100350358, 1694.5034100350354, 1687.2812528351647, 1667.908486947267, 1667.9084869472665, 1667.9084869472663], "Hybrid": [1735.33682143688, 1552.267651007928, 1463.0083099016442, 1440.6141457757305, 1385.6167433854523]}